{
  "a3": 1.7594677424398965e-06,
  "a2": -0.0008979483388013501,
  "a1": -0.5505887434718704,
  "a0": -0.6532484635645307
}