{
  "a3": 9.513656335433375e-06,
  "a2": 0.0005861707240363617,
  "a1": -0.5714013092260894,
  "a0": -0.004897937339614226
}