{
  "a3": 7.192901674444717e-06,
  "a2": -9.711956442972699e-05,
  "a1": -0.5662865811097073,
  "a0": -0.3679120044904212
}