{
  "a3": 4.872147013456052e-06,
  "a2": -0.0007804098528958156,
  "a1": -0.5611718529933253,
  "a0": -0.7309260716412295
}