{
  "a3": 3.5834349688839188e-06,
  "a2": -7.821958319855857e-05,
  "a1": -0.5540244941676831,
  "a0": -0.38031899326894886
}