{
  "a3": 0.017403309282967547,
  "a2": -0.027556689386715967,
  "a1": 0.39340624135776203,
  "a0": -0.002086694690630008
}