{
  "b2": -0.011141360640463492,
  "b1": 0.02438768315302419,
  "b0": 0.006779618978840328
}