{
  "a3": 5.407402195327921e-06,
  "a2": 0.0007415091724042314,
  "a1": -0.5574602448634957,
  "a0": -0.10738952297336841
}